geo,timeQuarter,y_inflation_next_q,y_high_inflation_next_q
AT,2011Q1,3.7000000000000006,1
AT,2011Q2,3.8000000000000003,1
AT,2011Q3,3.6666666666666665,1
AT,2011Q4,2.6999999999999997,1
AT,2012Q1,2.2333333333333334,0
AT,2012Q2,2.4,0
AT,2012Q3,2.9,1
AT,2012Q4,2.6,0
AT,2013Q1,2.2333333333333334,0
AT,2013Q2,1.9666666666666666,0
AT,2013Q3,1.6666666666666667,0
AT,2013Q4,1.5,0
AT,2014Q1,1.5999999999999999,0
AT,2014Q2,1.5333333333333334,0
AT,2014Q3,1.2333333333333334,0
AT,2014Q4,0.6333333333333333,0
AT,2015Q1,0.9666666666666667,0
AT,2015Q2,0.9,0
AT,2015Q3,0.7666666666666667,0
AT,2015Q4,1.0333333333333332,0
AT,2016Q1,0.6,0
AT,2016Q2,0.7666666666666667,0
AT,2016Q3,1.5,0
AT,2016Q4,2.1999999999999997,0
AT,2017Q1,2.1333333333333333,0
AT,2017Q2,2.1999999999999997,0
AT,2017Q3,2.3666666666666667,0
AT,2017Q4,1.9333333333333333,0
AT,2018Q1,2.1333333333333333,0
AT,2018Q2,2.233333333333333,0
AT,2018Q3,2.1333333333333333,0
AT,2018Q4,1.5999999999999999,0
AT,2019Q1,1.6666666666666667,0
AT,2019Q2,1.3666666666666665,0
AT,2019Q3,1.3333333333333333,0
AT,2019Q4,2.0,0
AT,2020Q1,1.0666666666666667,0
AT,2020Q2,1.4666666666666666,0
AT,2020Q3,1.0666666666666667,0
AT,2020Q4,1.5,0
AT,2021Q1,2.566666666666667,0
AT,2021Q2,3.1,1
AT,2021Q3,3.9,1
AT,2021Q4,5.533333333333334,1
AT,2022Q1,7.833333333333333,1
AT,2022Q2,9.9,1
AT,2022Q3,11.1,1
AT,2022Q4,10.6,1
AT,2023Q1,8.633333333333333,1
AT,2023Q2,6.766666666666667,1
AT,2023Q3,5.166666666666667,1
AT,2023Q4,4.133333333333333,1
AT,2024Q1,3.266666666666667,1
AT,2024Q2,2.3666666666666667,0
AT,2024Q3,1.9333333333333333,0
BE,2011Q1,3.1,1
BE,2011Q2,3.533333333333333,1
BE,2011Q3,3.3000000000000003,1
BE,2011Q4,3.266666666666667,1
BE,2012Q1,2.566666666666667,0
BE,2012Q2,2.4,0
BE,2012Q3,2.3333333333333335,0
BE,2012Q4,1.4666666666666666,0
BE,2013Q1,1.3333333333333333,0
BE,2013Q2,1.2333333333333334,0
BE,2013Q3,0.9333333333333332,0
BE,2013Q4,0.9,0
BE,2014Q1,0.7000000000000001,0
BE,2014Q2,0.36666666666666664,0
BE,2014Q3,0.0,0
BE,2014Q4,-0.36666666666666664,0
BE,2015Q1,0.7000000000000001,0
BE,2015Q2,0.8666666666666667,0
BE,2015Q3,1.3666666666666665,0
BE,2015Q4,1.5,0
BE,2016Q1,1.6333333333333335,0
BE,2016Q2,1.9333333333333333,0
BE,2016Q3,1.9333333333333333,0
BE,2016Q4,2.966666666666667,1
BE,2017Q1,2.033333333333333,0
BE,2017Q2,1.9333333333333333,0
BE,2017Q3,2.0,0
BE,2017Q4,1.5999999999999999,0
BE,2018Q1,2.1666666666666665,0
BE,2018Q2,2.6999999999999997,1
BE,2018Q3,2.766666666666667,1
BE,2018Q4,2.0,0
BE,2019Q1,1.6666666666666667,0
BE,2019Q2,0.9,0
BE,2019Q3,0.5,0
BE,2019Q4,0.9333333333333332,0
BE,2020Q1,0.0,0
BE,2020Q2,0.4333333333333333,0
BE,2020Q3,0.3333333333333333,0
BE,2020Q4,0.8333333333333334,0
BE,2021Q1,2.4,0
BE,2021Q2,3.3000000000000003,1
BE,2021Q3,6.366666666666666,1
BE,2021Q4,9.1,1
BE,2022Q1,9.9,1
BE,2022Q2,11.0,1
BE,2022Q3,11.266666666666667,1
BE,2022Q4,5.900000000000001,1
BE,2023Q1,2.533333333333333,0
BE,2023Q2,1.5999999999999999,0
BE,2023Q3,-0.6666666666666666,0
BE,2023Q4,2.966666666666667,1
BE,2024Q1,5.066666666666667,1
BE,2024Q2,4.666666666666667,1
BE,2024Q3,4.566666666666666,1
BG,2011Q1,3.4,1
BG,2011Q2,3.1333333333333333,1
BG,2011Q3,2.533333333333333,0
BG,2011Q4,1.8666666666666665,0
BG,2012Q1,1.8333333333333333,0
BG,2012Q2,3.0,1
BG,2012Q3,2.8333333333333335,1
BG,2012Q4,2.1333333333333333,0
BG,2013Q1,1.0333333333333334,0
BG,2013Q2,-0.6666666666666666,0
BG,2013Q3,-1.0,0
BG,2013Q4,-1.8333333333333333,0
BG,2014Q1,-1.6333333333333335,0
BG,2014Q2,-1.1666666666666667,0
BG,2014Q3,-1.8,0
BG,2014Q4,-1.7333333333333334,0
BG,2015Q1,-0.6,0
BG,2015Q2,-0.9333333333333332,0
BG,2015Q3,-1.0,0
BG,2015Q4,-1.0999999999999999,0
BG,2016Q1,-2.3000000000000003,0
BG,2016Q2,-1.1,0
BG,2016Q3,-0.7666666666666667,0
BG,2016Q4,0.7666666666666667,0
BG,2017Q1,1.4000000000000001,0
BG,2017Q2,0.8666666666666667,0
BG,2017Q3,1.7333333333333334,0
BG,2017Q4,1.5666666666666667,0
BG,2018Q1,2.3333333333333335,0
BG,2018Q2,3.6333333333333333,1
BG,2018Q3,2.966666666666667,1
BG,2018Q4,2.5,0
BG,2019Q1,2.766666666666667,1
BG,2019Q2,2.2333333333333334,0
BG,2019Q3,2.3000000000000003,0
BG,2019Q4,2.966666666666667,1
BG,2020Q1,1.0666666666666667,0
BG,2020Q2,0.5333333333333333,0
BG,2020Q3,0.3,0
BG,2020Q4,0.23333333333333336,0
BG,2021Q1,2.233333333333333,0
BG,2021Q2,2.9,1
BG,2021Q3,6.033333333333334,1
BG,2021Q4,8.866666666666667,1
BG,2022Q1,13.433333333333332,1
BG,2022Q2,15.166666666666666,1
BG,2022Q3,14.466666666666669,1
BG,2022Q4,13.366666666666667,1
BG,2023Q1,8.799999999999999,1
BG,2023Q2,7.233333333333333,1
BG,2023Q3,5.466666666666666,1
BG,2023Q4,3.5,1
BG,2024Q1,2.6666666666666665,0
BG,2024Q2,2.233333333333333,0
BG,2024Q3,2.033333333333333,0
CH,2011Q1,0.3333333333333333,0
CH,2011Q2,0.033333333333333326,0
CH,2011Q3,-0.4666666666666666,0
CH,2011Q4,-1.0333333333333334,0
CH,2012Q1,-1.1666666666666667,0
CH,2012Q2,-0.4666666666666666,0
CH,2012Q3,-0.16666666666666666,0
CH,2012Q4,-0.09999999999999999,0
CH,2013Q1,-0.13333333333333333,0
CH,2013Q2,0.36666666666666664,0
CH,2013Q3,0.13333333333333333,0
CH,2013Q4,-0.03333333333333333,0
CH,2014Q1,0.06666666666666667,0
CH,2014Q2,-0.03333333333333333,0
CH,2014Q3,0.03333333333333333,0
CH,2014Q4,-0.3,0
CH,2015Q1,-0.7999999999999999,0
CH,2015Q2,-1.0333333333333334,0
CH,2015Q3,-1.2,0
CH,2015Q4,-1.1333333333333333,0
CH,2016Q1,-0.5333333333333333,0
CH,2016Q2,-0.26666666666666666,0
CH,2016Q3,-0.2333333333333333,0
CH,2016Q4,0.5,0
CH,2017Q1,0.5,0
CH,2017Q2,0.6333333333333333,0
CH,2017Q3,0.9,0
CH,2017Q4,0.6666666666666666,0
CH,2018Q1,0.7666666666666667,0
CH,2018Q2,1.2,0
CH,2018Q3,0.9666666666666668,0
CH,2018Q4,0.6999999999999998,0
CH,2019Q1,0.7666666666666667,0
CH,2019Q2,0.3333333333333333,0
CH,2019Q3,-0.2333333333333333,0
CH,2019Q4,-0.13333333333333333,0
CH,2020Q1,-1.0999999999999999,0
CH,2020Q2,-1.2333333333333334,0
CH,2020Q3,-0.9,0
CH,2020Q4,-0.39999999999999997,0
CH,2021Q1,0.2333333333333333,0
CH,2021Q2,0.7000000000000001,0
CH,2021Q3,1.3666666666666665,0
CH,2021Q4,1.8333333333333333,0
CH,2022Q1,2.733333333333333,1
CH,2022Q2,3.266666666666667,1
CH,2022Q3,2.8333333333333335,1
CH,2022Q4,3.0333333333333337,1
CH,2023Q1,2.2,0
CH,2023Q2,2.0,0
CH,2023Q3,1.9000000000000001,0
CH,2023Q4,1.2666666666666666,0
CH,2024Q1,1.4000000000000001,0
CH,2024Q2,1.0333333333333334,0
CH,2024Q3,0.6,0
CY,2011Q1,4.033333333333333,1
CY,2011Q2,2.933333333333333,1
CY,2011Q3,3.8333333333333335,1
CY,2011Q4,3.233333333333333,1
CY,2012Q1,3.3666666666666667,1
CY,2012Q2,3.966666666666667,1
CY,2012Q3,1.8,0
CY,2012Q4,1.7,0
CY,2013Q1,0.3333333333333333,0
CY,2013Q2,0.36666666666666664,0
CY,2013Q3,-0.8666666666666667,0
CY,2013Q4,-1.2666666666666668,0
CY,2014Q1,-0.16666666666666666,0
CY,2014Q2,0.5666666666666668,0
CY,2014Q3,-0.2333333333333333,0
CY,2014Q4,-0.9666666666666667,0
CY,2015Q1,-1.8333333333333333,0
CY,2015Q2,-2.0666666666666664,0
CY,2015Q3,-1.3,0
CY,2015Q4,-1.8333333333333333,0
CY,2016Q1,-2.0,0
CY,2016Q2,-0.4666666666666666,0
CY,2016Q3,-0.5666666666666667,0
CY,2016Q4,1.2,0
CY,2017Q1,1.3,0
CY,2017Q2,0.16666666666666666,0
CY,2017Q3,0.06666666666666667,0
CY,2017Q4,-0.7666666666666667,0
CY,2018Q1,0.7999999999999999,0
CY,2018Q2,1.5999999999999999,0
CY,2018Q3,1.5,0
CY,2018Q4,1.3333333333333333,0
CY,2019Q1,0.5666666666666667,0
CY,2019Q2,0.06666666666666665,0
CY,2019Q3,0.2333333333333333,0
CY,2019Q4,0.6,0
CY,2020Q1,-1.5999999999999999,0
CY,2020Q2,-2.2666666666666666,0
CY,2020Q3,-1.0999999999999999,0
CY,2020Q4,-0.46666666666666673,0
CY,2021Q1,1.6333333333333335,0
CY,2021Q2,3.1999999999999997,1
CY,2021Q3,4.633333333333334,1
CY,2021Q4,5.666666666666667,1
CY,2022Q1,8.799999999999999,1
CY,2022Q2,9.733333333333333,1
CY,2022Q3,8.1,1
CY,2022Q4,6.533333333333334,1
CY,2023Q1,3.433333333333333,1
CY,2023Q2,3.266666666666667,1
CY,2023Q3,2.6333333333333333,0
CY,2023Q4,1.9333333333333336,0
CY,2024Q1,2.6999999999999997,1
CY,2024Q2,2.066666666666667,0
CY,2024Q3,2.3000000000000003,0
CZ,2011Q1,1.8333333333333333,0
CZ,2011Q2,2.033333333333333,0
CZ,2011Q3,2.8000000000000003,1
CZ,2011Q4,3.933333333333333,1
CZ,2012Q1,3.766666666666667,1
CZ,2012Q2,3.466666666666667,1
CZ,2012Q3,2.933333333333333,1
CZ,2012Q4,1.7333333333333334,0
CZ,2013Q1,1.4666666666666666,0
CZ,2013Q2,1.2,0
CZ,2013Q3,1.0999999999999999,0
CZ,2013Q4,0.3,0
CZ,2014Q1,0.19999999999999998,0
CZ,2014Q2,0.6666666666666666,0
CZ,2014Q3,0.4666666666666666,0
CZ,2014Q4,0.0,0
CZ,2015Q1,0.7000000000000001,0
CZ,2015Q2,0.3333333333333333,0
CZ,2015Q3,0.0,0
CZ,2015Q4,0.43333333333333335,0
CZ,2016Q1,0.13333333333333333,0
CZ,2016Q2,0.5333333333333333,0
CZ,2016Q3,1.5,0
CZ,2016Q4,2.5,0
CZ,2017Q1,2.3333333333333335,0
CZ,2017Q2,2.433333333333333,0
CZ,2017Q3,2.5,0
CZ,2017Q4,1.7666666666666668,0
CZ,2018Q1,2.066666666666667,0
CZ,2018Q2,2.2333333333333334,0
CZ,2018Q3,1.7333333333333334,0
CZ,2018Q4,2.3333333333333335,0
CZ,2019Q1,2.466666666666667,0
CZ,2019Q2,2.6,0
CZ,2019Q3,2.933333333333333,1
CZ,2019Q4,3.6999999999999997,1
CZ,2020Q1,3.266666666666667,1
CZ,2020Q2,3.466666666666667,1
CZ,2020Q3,2.6999999999999997,1
CZ,2020Q4,2.1999999999999997,0
CZ,2021Q1,2.766666666666667,1
CZ,2021Q2,3.266666666666667,1
CZ,2021Q3,5.0,1
CZ,2021Q4,10.233333333333333,1
CZ,2022Q1,15.0,1
CZ,2022Q2,17.400000000000002,1
CZ,2022Q3,16.5,1
CZ,2022Q4,18.0,1
CZ,2023Q1,12.666666666666666,1
CZ,2023Q2,9.533333333333333,1
CZ,2023Q3,8.366666666666667,1
CZ,2023Q4,2.3666666666666667,0
CZ,2024Q1,2.6999999999999997,1
CZ,2024Q2,2.566666666666667,0
CZ,2024Q3,3.1333333333333333,1
DE,2011Q1,2.533333333333333,0
DE,2011Q2,2.6333333333333333,0
DE,2011Q3,2.566666666666667,0
DE,2011Q4,2.433333333333333,0
DE,2012Q1,2.066666666666667,0
DE,2012Q2,2.1333333333333333,0
DE,2012Q3,2.033333333333333,0
DE,2012Q4,1.8666666666666665,0
DE,2013Q1,1.5333333333333334,0
DE,2013Q2,1.6666666666666667,0
DE,2013Q3,1.3333333333333333,0
DE,2013Q4,0.9333333333333332,0
DE,2014Q1,0.9,0
DE,2014Q2,0.7666666666666667,0
DE,2014Q3,0.43333333333333335,0
DE,2014Q4,-0.13333333333333333,0
DE,2015Q1,1.2333333333333334,0
DE,2015Q2,1.0666666666666667,0
DE,2015Q3,0.5333333333333333,0
DE,2015Q4,0.13333333333333333,0
DE,2016Q1,-0.09999999999999999,0
DE,2016Q2,0.39999999999999997,0
DE,2016Q3,1.0333333333333334,0
DE,2016Q4,1.7666666666666668,0
DE,2017Q1,1.6666666666666667,0
DE,2017Q2,1.8333333333333333,0
DE,2017Q3,1.5666666666666667,0
DE,2017Q4,1.4666666666666666,0
DE,2018Q1,1.9666666666666666,0
DE,2018Q2,2.1666666666666665,0
DE,2018Q3,2.1666666666666665,0
DE,2018Q4,1.5999999999999999,0
DE,2019Q1,1.6333333333333335,0
DE,2019Q2,1.0,0
DE,2019Q3,1.2,0
DE,2019Q4,1.5333333333333334,0
DE,2020Q1,0.7000000000000001,0
DE,2020Q2,-0.16666666666666666,0
DE,2020Q3,-0.6333333333333333,0
DE,2020Q4,1.7333333333333334,0
DE,2021Q1,2.1999999999999997,0
DE,2021Q2,3.533333333333333,1
DE,2021Q3,5.433333333333334,1
DE,2021Q4,6.066666666666666,1
DE,2022Q1,8.233333333333333,1
DE,2022Q2,9.4,1
DE,2022Q3,10.833333333333334,1
DE,2022Q4,8.766666666666667,1
DE,2023Q1,6.8999999999999995,1
DE,2023Q2,5.733333333333333,1
DE,2023Q3,3.033333333333333,1
DE,2023Q4,2.6999999999999997,1
DE,2024Q1,2.566666666666667,0
DE,2024Q2,2.1333333333333333,0
DE,2024Q3,2.533333333333333,0
DK,2011Q1,2.966666666666667,1
DK,2011Q2,2.533333333333333,0
DK,2011Q3,2.533333333333333,0
DK,2011Q4,2.7000000000000006,1
DK,2012Q1,2.1666666666666665,0
DK,2012Q2,2.466666666666667,0
DK,2012Q3,2.1666666666666665,0
DK,2012Q4,0.9,0
DK,2013Q1,0.6,0
DK,2013Q2,0.20000000000000004,0
DK,2013Q3,0.36666666666666664,0
DK,2013Q4,0.43333333333333335,0
DK,2014Q1,0.39999999999999997,0
DK,2014Q2,0.36666666666666664,0
DK,2014Q3,0.19999999999999998,0
DK,2014Q4,-0.033333333333333326,0
DK,2015Q1,0.4000000000000001,0
DK,2015Q2,0.36666666666666664,0
DK,2015Q3,0.16666666666666666,0
DK,2015Q4,0.0666666666666667,0
DK,2016Q1,-0.09999999999999999,0
DK,2016Q2,-0.06666666666666667,0
DK,2016Q3,0.16666666666666666,0
DK,2016Q4,0.8333333333333334,0
DK,2017Q1,0.7000000000000001,0
DK,2017Q2,1.5333333333333334,0
DK,2017Q3,1.1666666666666667,0
DK,2017Q4,0.5,0
DK,2018Q1,0.9333333333333332,0
DK,2018Q2,0.7333333333333333,0
DK,2018Q3,0.6999999999999998,0
DK,2018Q4,1.1666666666666667,0
DK,2019Q1,0.7000000000000001,0
DK,2019Q2,0.43333333333333335,0
DK,2019Q3,0.6666666666666666,0
DK,2019Q4,0.6,0
DK,2020Q1,-0.03333333333333333,0
DK,2020Q2,0.43333333333333335,0
DK,2020Q3,0.36666666666666664,0
DK,2020Q4,0.6,0
DK,2021Q1,1.7666666666666666,0
DK,2021Q2,1.9666666666666666,0
DK,2021Q3,3.466666666666667,1
DK,2021Q4,5.3999999999999995,1
DK,2022Q1,8.233333333333333,1
DK,2022Q2,10.200000000000001,1
DK,2022Q3,10.233333333333333,1
DK,2022Q4,8.0,1
DK,2023Q1,3.633333333333333,1
DK,2023Q2,2.033333333333333,0
DK,2023Q3,0.09999999999999999,0
DK,2023Q4,0.7666666666666667,0
DK,2024Q1,1.4666666666666666,0
DK,2024Q2,1.2,0
DK,2024Q3,1.6666666666666667,0
EA,2011Q1,2.733333333333333,1
EA,2011Q2,2.6999999999999997,1
EA,2011Q3,2.933333333333333,1
EA,2011Q4,2.7000000000000006,1
EA,2012Q1,2.466666666666667,0
EA,2012Q2,2.533333333333333,0
EA,2012Q3,2.3000000000000003,0
EA,2012Q4,1.8666666666666665,0
EA,2013Q1,1.4000000000000001,0
EA,2013Q2,1.3333333333333333,0
EA,2013Q3,0.7999999999999999,0
EA,2013Q4,0.6666666666666666,0
EA,2014Q1,0.5666666666666667,0
EA,2014Q2,0.36666666666666664,0
EA,2014Q3,0.16666666666666666,0
EA,2014Q4,-0.3333333333333333,0
EA,2015Q1,0.4333333333333333,0
EA,2015Q2,0.36666666666666664,0
EA,2015Q3,0.26666666666666666,0
EA,2015Q4,0.06666666666666667,0
EA,2016Q1,-0.13333333333333333,0
EA,2016Q2,0.26666666666666666,0
EA,2016Q3,0.7333333333333333,0
EA,2016Q4,1.7333333333333334,0
EA,2017Q1,1.5333333333333334,0
EA,2017Q2,1.4666666666666666,0
EA,2017Q3,1.4000000000000001,0
EA,2017Q4,1.2666666666666666,0
EA,2018Q1,1.7333333333333334,0
EA,2018Q2,2.1333333333333333,0
EA,2018Q3,1.8999999999999997,0
EA,2018Q4,1.4333333333333333,0
EA,2019Q1,1.4000000000000001,0
EA,2019Q2,0.9333333333333332,0
EA,2019Q3,1.0,0
EA,2019Q4,1.0999999999999999,0
EA,2020Q1,0.2333333333333333,0
EA,2020Q2,-0.033333333333333326,0
EA,2020Q3,-0.3,0
EA,2020Q4,1.0333333333333334,0
EA,2021Q1,1.8333333333333333,0
EA,2021Q2,2.8666666666666667,1
EA,2021Q3,4.666666666666667,1
EA19,2011Q1,2.733333333333333,1
EA19,2011Q2,2.733333333333333,1
EA19,2011Q3,2.933333333333333,1
EA19,2011Q4,2.7000000000000006,1
EA19,2012Q1,2.466666666666667,0
EA19,2012Q2,2.533333333333333,0
EA19,2012Q3,2.3000000000000003,0
EA19,2012Q4,1.8666666666666665,0
EA19,2013Q1,1.4000000000000001,0
EA19,2013Q2,1.3333333333333333,0
EA19,2013Q3,0.7999999999999999,0
EA19,2013Q4,0.6666666666666666,0
EA19,2014Q1,0.5666666666666667,0
EA19,2014Q2,0.36666666666666664,0
EA19,2014Q3,0.16666666666666666,0
EA19,2014Q4,-0.3333333333333333,0
EA19,2015Q1,0.4333333333333333,0
EA19,2015Q2,0.36666666666666664,0
EA19,2015Q3,0.26666666666666666,0
EA19,2015Q4,0.06666666666666667,0
EA19,2016Q1,-0.13333333333333333,0
EA19,2016Q2,0.26666666666666666,0
EA19,2016Q3,0.7333333333333333,0
EA19,2016Q4,1.7333333333333334,0
EA19,2017Q1,1.5333333333333334,0
EA19,2017Q2,1.4666666666666666,0
EA19,2017Q3,1.4000000000000001,0
EA19,2017Q4,1.2666666666666666,0
EA19,2018Q1,1.7333333333333334,0
EA19,2018Q2,2.1333333333333333,0
EA19,2018Q3,1.8999999999999997,0
EA19,2018Q4,1.4333333333333333,0
EA19,2019Q1,1.4000000000000001,0
EA19,2019Q2,0.9333333333333332,0
EA19,2019Q3,1.0,0
EA19,2019Q4,1.0999999999999999,0
EA19,2020Q1,0.2333333333333333,0
EA19,2020Q2,-0.033333333333333326,0
EA19,2020Q3,-0.3,0
EA19,2020Q4,1.0333333333333334,0
EA19,2021Q1,1.8333333333333333,0
EA19,2021Q2,2.8666666666666667,1
EA19,2021Q3,4.666666666666667,1
EA20,2015Q1,0.4333333333333333,0
EA20,2015Q2,0.36666666666666664,0
EA20,2015Q3,0.26666666666666666,0
EA20,2015Q4,0.06666666666666667,0
EA20,2016Q1,-0.13333333333333333,0
EA20,2016Q2,0.26666666666666666,0
EA20,2016Q3,0.7333333333333333,0
EA20,2016Q4,1.7333333333333334,0
EA20,2017Q1,1.5333333333333334,0
EA20,2017Q2,1.4666666666666666,0
EA20,2017Q3,1.4000000000000001,0
EA20,2017Q4,1.2666666666666666,0
EA20,2018Q1,1.7333333333333334,0
EA20,2018Q2,2.1333333333333333,0
EA20,2018Q3,1.8999999999999997,0
EA20,2018Q4,1.4333333333333333,0
EA20,2019Q1,1.4000000000000001,0
EA20,2019Q2,0.9333333333333332,0
EA20,2019Q3,1.0,0
EA20,2019Q4,1.0999999999999999,0
EA20,2020Q1,0.2333333333333333,0
EA20,2020Q2,-0.033333333333333326,0
EA20,2020Q3,-0.3,0
EA20,2020Q4,1.0333333333333334,0
EA20,2021Q1,1.8333333333333333,0
EA20,2021Q2,2.8666666666666667,1
EA20,2021Q3,4.666666666666667,1
EA20,2021Q4,6.133333333333334,1
EA20,2022Q1,8.1,1
EA20,2022Q2,9.333333333333334,1
EA20,2022Q3,9.966666666666667,1
EA20,2022Q4,8.033333333333333,1
EA20,2023Q1,6.2,1
EA20,2023Q2,4.933333333333334,1
EA20,2023Q3,2.733333333333333,1
EA20,2023Q4,2.6,0
EA20,2024Q1,2.5,0
EA20,2024Q2,2.1666666666666665,0
EA20,2024Q3,2.1999999999999997,0
EE,2011Q1,5.266666666666667,1
EE,2011Q2,5.433333333333334,1
EE,2011Q3,4.3999999999999995,1
EE,2011Q4,4.6000000000000005,1
EE,2012Q1,4.266666666666667,1
EE,2012Q2,4.133333333333333,1
EE,2012Q3,3.8666666666666667,1
EE,2012Q4,3.8333333333333335,1
EE,2013Q1,3.6999999999999997,1
EE,2013Q2,3.4,1
EE,2013Q3,2.1,0
EE,2013Q4,1.1333333333333335,0
EE,2014Q1,0.5666666666666667,0
EE,2014Q2,0.0,0
EE,2014Q3,0.19999999999999998,0
EE,2014Q4,-0.2333333333333333,0
EE,2015Q1,0.39999999999999997,0
EE,2015Q2,0.0,0
EE,2015Q3,0.09999999999999999,0
EE,2015Q4,0.3333333333333333,0
EE,2016Q1,0.13333333333333333,0
EE,2016Q2,1.2,0
EE,2016Q3,1.5999999999999999,0
EE,2016Q4,3.066666666666667,1
EE,2017Q1,3.4,1
EE,2017Q2,4.0,1
EE,2017Q3,4.1000000000000005,1
EE,2017Q4,3.233333333333333,1
EE,2018Q1,3.3000000000000003,1
EE,2018Q2,3.433333333333333,1
EE,2018Q3,3.6666666666666665,1
EE,2018Q4,2.3000000000000003,0
EE,2019Q1,2.966666666666667,1
EE,2019Q2,2.1,0
EE,2019Q3,1.6666666666666667,0
EE,2019Q4,1.5333333333333334,0
EE,2020Q1,-1.4333333333333333,0
EE,2020Q2,-1.3,0
EE,2020Q3,-1.2666666666666666,0
EE,2020Q4,0.5666666666666668,0
EE,2021Q1,2.8333333333333335,1
EE,2021Q2,5.433333333333334,1
EE,2021Q3,9.133333333333333,1
EE,2021Q4,12.466666666666667,1
EE,2022Q1,20.400000000000002,1
EE,2022Q2,24.166666666666668,1
EE,2022Q3,20.466666666666665,1
EE,2022Q4,17.333333333333332,1
EE,2023Q1,11.133333333333333,1
EE,2023Q2,4.8,1
EE,2023Q3,4.466666666666666,1
EE,2023Q4,4.5,1
EE,2024Q1,3.0,1
EE,2024Q2,3.3666666666666667,1
EE,2024Q3,4.133333333333333,1
EL,2011Q1,3.3000000000000003,1
EL,2011Q2,2.1333333333333333,0
EL,2011Q3,2.6333333333333333,0
EL,2011Q4,1.7,0
EL,2012Q1,1.1333333333333333,0
EL,2012Q2,0.7666666666666667,0
EL,2012Q3,0.5333333333333333,0
EL,2012Q4,-0.03333333333333333,0
EL,2013Q1,-0.36666666666666664,0
EL,2013Q2,-0.8333333333333334,0
EL,2013Q3,-2.1999999999999997,0
EL,2013Q4,-1.2666666666666666,0
EL,2014Q1,-1.7333333333333334,0
EL,2014Q2,-0.7000000000000001,0
EL,2014Q3,-1.8333333333333333,0
EL,2014Q4,-2.1999999999999997,0
EL,2015Q1,-1.4333333333333333,0
EL,2015Q2,-0.8333333333333334,0
EL,2015Q3,0.06666666666666667,0
EL,2015Q4,-0.2333333333333333,0
EL,2016Q1,-0.13333333333333333,0
EL,2016Q2,0.16666666666666666,0
EL,2016Q3,0.2333333333333333,0
EL,2016Q4,1.5333333333333334,0
EL,2017Q1,1.3333333333333333,0
EL,2017Q2,0.8333333333333334,0
EL,2017Q3,0.8666666666666667,0
EL,2017Q4,0.26666666666666666,0
EL,2018Q1,0.7666666666666667,0
EL,2018Q2,0.9333333333333335,0
EL,2018Q3,1.1666666666666667,0
EL,2018Q4,0.7666666666666667,0
EL,2019Q1,0.6333333333333334,0
EL,2019Q2,0.23333333333333336,0
EL,2019Q3,0.43333333333333335,0
EL,2019Q4,0.5666666666666668,0
EL,2020Q1,-1.1666666666666667,0
EL,2020Q2,-2.233333333333333,0
EL,2020Q3,-2.1666666666666665,0
EL,2020Q4,-2.1,0
EL,2021Q1,-0.5666666666666668,0
EL,2021Q2,1.2666666666666666,0
EL,2021Q3,3.733333333333333,1
EL,2021Q4,6.6000000000000005,1
EL,2022Q1,10.4,1
EL,2022Q2,11.533333333333333,1
EL,2022Q3,8.633333333333333,1
EL,2022Q4,6.3999999999999995,1
EL,2023Q1,3.7999999999999994,1
EL,2023Q2,3.1333333333333333,1
EL,2023Q3,3.466666666666667,1
EL,2023Q4,3.233333333333333,1
EL,2024Q1,2.6999999999999997,1
EL,2024Q2,3.1,1
EL,2024Q3,3.0,1
ES,2011Q1,3.3000000000000003,1
ES,2011Q2,2.9,1
ES,2011Q3,2.733333333333333,1
ES,2011Q4,1.9000000000000001,0
ES,2012Q1,1.9000000000000001,0
ES,2012Q2,2.8000000000000003,1
ES,2012Q3,3.1666666666666665,1
ES,2012Q4,2.766666666666667,1
ES,2013Q1,1.8333333333333333,0
ES,2013Q2,1.3333333333333333,0
ES,2013Q3,0.19999999999999998,0
ES,2013Q4,0.06666666666666667,0
ES,2014Q1,0.16666666666666666,0
ES,2014Q2,-0.39999999999999997,0
ES,2014Q3,-0.6,0
ES,2014Q4,-1.1666666666666667,0
ES,2015Q1,-0.3333333333333333,0
ES,2015Q2,-0.5333333333333333,0
ES,2015Q3,-0.46666666666666673,0
ES,2015Q4,-0.7999999999999999,0
ES,2016Q1,-1.0666666666666667,0
ES,2016Q2,-0.3333333333333333,0
ES,2016Q3,0.7999999999999999,0
ES,2016Q4,2.6666666666666665,0
ES,2017Q1,2.066666666666667,0
ES,2017Q2,1.8333333333333333,0
ES,2017Q3,1.5666666666666667,0
ES,2017Q4,1.0666666666666667,0
ES,2018Q1,1.8333333333333333,0
ES,2018Q2,2.2666666666666666,0
ES,2018Q3,1.7333333333333332,0
ES,2018Q4,1.1333333333333335,0
ES,2019Q1,1.0333333333333334,0
ES,2019Q2,0.39999999999999997,0
ES,2019Q3,0.5,0
ES,2019Q4,0.7000000000000001,0
ES,2020Q1,-0.6333333333333333,0
ES,2020Q2,-0.6333333333333333,0
ES,2020Q3,-0.7666666666666667,0
ES,2020Q4,0.5,0
ES,2021Q1,2.3000000000000003,0
ES,2021Q2,3.4,1
ES,2021Q3,5.833333333333333,1
ES,2021Q4,7.866666666666666,1
ES,2022Q1,8.933333333333334,1
ES,2022Q2,10.066666666666666,1
ES,2022Q3,6.5,1
ES,2022Q4,5.0,1
ES,2023Q1,2.766666666666667,1
ES,2023Q2,2.6,0
ES,2023Q3,3.3666666666666667,1
ES,2023Q4,3.233333333333333,1
ES,2024Q1,3.6,1
ES,2024Q2,2.3333333333333335,0
ES,2024Q3,2.3333333333333335,0
EU27_2020,2011Q1,2.966666666666667,1
EU27_2020,2011Q2,2.8000000000000003,1
EU27_2020,2011Q3,3.0,1
EU27_2020,2011Q4,2.7999999999999994,1
EU27_2020,2012Q1,2.566666666666667,0
EU27_2020,2012Q2,2.6666666666666665,0
EU27_2020,2012Q3,2.433333333333333,0
EU27_2020,2012Q4,1.8666666666666665,0
EU27_2020,2013Q1,1.3666666666666665,0
EU27_2020,2013Q2,1.3,0
EU27_2020,2013Q3,0.7666666666666667,0
EU27_2020,2013Q4,0.6,0
EU27_2020,2014Q1,0.5333333333333333,0
EU27_2020,2014Q2,0.3333333333333333,0
EU27_2020,2014Q3,0.13333333333333333,0
EU27_2020,2014Q4,-0.3333333333333333,0
EU27_2020,2015Q1,0.3333333333333333,0
EU27_2020,2015Q2,0.26666666666666666,0
EU27_2020,2015Q3,0.19999999999999998,0
EU27_2020,2015Q4,-9.25185853854297e-18,0
EU27_2020,2016Q1,-0.16666666666666666,0
EU27_2020,2016Q2,0.19999999999999998,0
EU27_2020,2016Q3,0.7333333333333333,0
EU27_2020,2016Q4,1.7,0
EU27_2020,2017Q1,1.5,0
EU27_2020,2017Q2,1.5333333333333334,0
EU27_2020,2017Q3,1.5,0
EU27_2020,2017Q4,1.3333333333333333,0
EU27_2020,2018Q1,1.7666666666666666,0
EU27_2020,2018Q2,2.1333333333333333,0
EU27_2020,2018Q3,1.9333333333333333,0
EU27_2020,2018Q4,1.5333333333333334,0
EU27_2020,2019Q1,1.6333333333333335,0
EU27_2020,2019Q2,1.2333333333333334,0
EU27_2020,2019Q3,1.3,0
EU27_2020,2019Q4,1.4666666666666666,0
EU27_2020,2020Q1,0.6,0
EU27_2020,2020Q2,0.46666666666666673,0
EU27_2020,2020Q3,0.20000000000000004,0
EU27_2020,2020Q4,1.4000000000000001,0
EU27_2020,2021Q1,2.1666666666666665,0
EU27_2020,2021Q2,3.1,1
EU27_2020,2021Q3,4.966666666666667,1
EU27_2020,2021Q4,6.533333333333334,1
EU27_2020,2022Q1,8.833333333333334,1
EU27_2020,2022Q2,10.266666666666667,1
EU27_2020,2022Q3,11.0,1
EU27_2020,2022Q4,9.4,1
EU27_2020,2023Q1,7.2,1
EU27_2020,2023Q2,5.633333333333334,1
EU27_2020,2023Q3,3.3666666666666667,1
EU27_2020,2023Q4,2.8333333333333335,1
EU27_2020,2024Q1,2.6333333333333333,0
EU27_2020,2024Q2,2.433333333333333,0
EU27_2020,2024Q3,2.5,0
FI,2011Q1,3.4,1
FI,2011Q2,3.566666666666667,1
FI,2011Q3,3.0,1
FI,2011Q4,2.966666666666667,1
FI,2012Q1,3.0,1
FI,2012Q2,3.266666666666667,1
FI,2012Q3,3.3666666666666667,1
FI,2012Q4,2.5,0
FI,2013Q1,2.4,0
FI,2013Q2,2.1333333333333333,0
FI,2013Q3,1.8,0
FI,2013Q4,1.5999999999999999,0
FI,2014Q1,1.1333333333333335,0
FI,2014Q2,1.2333333333333334,0
FI,2014Q3,0.9666666666666667,0
FI,2014Q4,-0.06666666666666667,0
FI,2015Q1,0.03333333333333333,0
FI,2015Q2,-0.3333333333333333,0
FI,2015Q3,-0.2333333333333333,0
FI,2015Q4,-0.03333333333333333,0
FI,2016Q1,0.3,0
FI,2016Q2,0.5,0
FI,2016Q3,0.7666666666666667,0
FI,2016Q4,1.0666666666666667,0
FI,2017Q1,0.9333333333333332,0
FI,2017Q2,0.7333333333333333,0
FI,2017Q3,0.6333333333333333,0
FI,2017Q4,0.7666666666666667,0
FI,2018Q1,1.0,0
FI,2018Q2,1.3999999999999997,0
FI,2018Q3,1.4666666666666666,0
FI,2018Q4,1.2,0
FI,2019Q1,1.3,0
FI,2019Q2,1.0666666666666667,0
FI,2019Q3,0.9333333333333335,0
FI,2019Q4,1.0666666666666667,0
FI,2020Q1,-0.09999999999999999,0
FI,2020Q2,0.4333333333333333,0
FI,2020Q3,0.20000000000000004,0
FI,2020Q4,1.0999999999999999,0
FI,2021Q1,2.1333333333333333,0
FI,2021Q2,1.9000000000000001,0
FI,2021Q3,3.1666666666666665,1
FI,2021Q4,4.766666666666667,1
FI,2022Q1,7.0,1
FI,2022Q2,8.1,1
FI,2022Q3,8.766666666666667,1
FI,2022Q4,7.533333333333334,1
FI,2023Q1,5.133333333333334,1
FI,2023Q2,3.433333333333333,1
FI,2023Q3,1.4666666666666666,0
FI,2023Q4,0.9333333333333335,0
FI,2024Q1,0.5,0
FI,2024Q2,0.8666666666666667,0
FI,2024Q3,1.5999999999999999,0
FR,2011Q1,2.2333333333333334,0
FR,2011Q2,2.3000000000000003,0
FR,2011Q3,2.6333333333333333,0
FR,2011Q4,2.566666666666667,0
FR,2012Q1,2.3333333333333335,0
FR,2012Q2,2.266666666666667,0
FR,2012Q3,1.7333333333333334,0
FR,2012Q4,1.2333333333333334,0
FR,2013Q1,0.9,0
FR,2013Q2,1.0666666666666667,0
FR,2013Q3,0.7666666666666667,0
FR,2013Q4,0.9,0
FR,2014Q1,0.7333333333333333,0
FR,2014Q2,0.5,0
FR,2014Q3,0.3333333333333333,0
FR,2014Q4,-0.2333333333333333,0
FR,2015Q1,0.2333333333333333,0
FR,2015Q2,0.13333333333333333,0
FR,2015Q3,0.19999999999999998,0
FR,2015Q4,0.033333333333333326,0
FR,2016Q1,0.09999999999999999,0
FR,2016Q2,0.43333333333333335,0
FR,2016Q3,0.6666666666666666,0
FR,2016Q4,1.4666666666666666,0
FR,2017Q1,1.0333333333333334,0
FR,2017Q2,0.9666666666666668,0
FR,2017Q3,1.2,0
FR,2017Q4,1.5,0
FR,2018Q1,2.1333333333333333,0
FR,2018Q2,2.566666666666667,0
FR,2018Q3,2.1999999999999997,0
FR,2018Q4,1.4333333333333333,0
FR,2019Q1,1.3333333333333333,0
FR,2019Q2,1.2333333333333334,0
FR,2019Q3,1.2333333333333334,0
FR,2019Q4,1.3666666666666665,0
FR,2020Q1,0.3333333333333333,0
FR,2020Q2,0.36666666666666664,0
FR,2020Q3,0.10000000000000002,0
FR,2020Q4,1.0,0
FR,2021Q1,1.7666666666666666,0
FR,2021Q2,2.1999999999999997,0
FR,2021Q3,3.3333333333333335,1
FR,2021Q4,4.2,1
FR,2022Q1,5.8999999999999995,1
FR,2022Q2,6.533333333333334,1
FR,2022Q3,6.966666666666666,1
FR,2022Q4,7.0,1
FR,2023Q1,6.066666666666666,1
FR,2023Q2,5.5,1
FR,2023Q3,4.166666666666667,1
FR,2023Q4,3.0,1
FR,2024Q1,2.5,0
FR,2024Q2,2.1,0
FR,2024Q3,1.7,0
HR,2011Q1,2.2666666666666666,0
HR,2011Q2,2.033333333333333,0
HR,2011Q3,2.3666666666666667,0
HR,2011Q4,1.7,0
HR,2012Q1,3.233333333333333,1
HR,2012Q2,4.1000000000000005,1
HR,2012Q3,4.366666666666666,1
HR,2012Q4,4.133333333333334,1
HR,2013Q1,2.3666666666666667,0
HR,2013Q2,2.2666666666666666,0
HR,2013Q3,0.6666666666666666,0
HR,2013Q4,0.03333333333333333,0
HR,2014Q1,0.26666666666666666,0
HR,2014Q2,0.3333333333333333,0
HR,2014Q3,0.2333333333333333,0
HR,2014Q4,-0.3333333333333333,0
HR,2015Q1,0.0,0
HR,2015Q2,-0.26666666666666666,0
HR,2015Q3,-0.39999999999999997,0
HR,2015Q4,-0.5666666666666667,0
HR,2016Q1,-1.0999999999999999,0
HR,2016Q2,-1.0999999999999999,0
HR,2016Q3,0.19999999999999998,0
HR,2016Q4,1.1333333333333333,0
HR,2017Q1,1.1666666666666667,0
HR,2017Q2,1.4333333333333333,0
HR,2017Q3,1.5,0
HR,2017Q4,1.0999999999999999,0
HR,2018Q1,1.8,0
HR,2018Q2,1.9666666666666666,0
HR,2018Q3,1.3333333333333333,0
HR,2018Q4,0.8333333333333334,0
HR,2019Q1,0.7666666666666667,0
HR,2019Q2,0.7000000000000001,0
HR,2019Q3,0.9,0
HR,2019Q4,1.1666666666666667,0
HR,2020Q1,-0.39999999999999997,0
HR,2020Q2,-0.43333333333333335,0
HR,2020Q3,-0.16666666666666666,0
HR,2020Q4,0.7666666666666667,0
HR,2021Q1,2.2333333333333334,0
HR,2021Q2,3.1,1
HR,2021Q3,4.6000000000000005,1
HR,2021Q4,6.366666666666666,1
HR,2022Q1,10.799999999999999,1
HR,2022Q2,12.633333333333333,1
HR,2022Q3,12.799999999999999,1
HR,2022Q4,11.566666666666668,1
HR,2023Q1,8.5,1
HR,2023Q2,7.933333333333334,1
HR,2023Q3,5.866666666666666,1
HR,2023Q4,4.833333333333333,1
HR,2024Q1,4.166666666666667,1
HR,2024Q2,3.1333333333333333,1
HR,2024Q3,4.033333333333333,1
HU,2011Q1,3.933333333333333,1
HU,2011Q2,3.433333333333333,1
HU,2011Q3,4.066666666666666,1
HU,2011Q4,5.633333333333334,1
HU,2012Q1,5.533333333333334,1
HU,2012Q2,6.033333333333334,1
HU,2012Q3,5.466666666666666,1
HU,2012Q4,2.6666666666666665,0
HU,2013Q1,1.8666666666666665,0
HU,2013Q2,1.6666666666666667,0
HU,2013Q3,0.7000000000000001,0
HU,2013Q4,0.43333333333333335,0
HU,2014Q1,-0.10000000000000002,0
HU,2014Q2,0.10000000000000002,0
HU,2014Q3,-0.3333333333333333,0
HU,2014Q4,-0.9333333333333332,0
HU,2015Q1,0.4333333333333333,0
HU,2015Q2,0.16666666666666666,0
HU,2015Q3,0.6,0
HU,2015Q4,0.36666666666666664,0
HU,2016Q1,0.033333333333333326,0
HU,2016Q2,0.09999999999999996,0
HU,2016Q3,1.3333333333333333,0
HU,2016Q4,2.6666666666666665,0
HU,2017Q1,2.1333333333333333,0
HU,2017Q2,2.466666666666667,0
HU,2017Q3,2.3333333333333335,0
HU,2017Q4,2.0,0
HU,2018Q1,2.8333333333333335,1
HU,2018Q2,3.5,1
HU,2018Q3,3.3000000000000003,1
HU,2018Q4,3.266666666666667,1
HU,2019Q1,3.766666666666667,1
HU,2019Q2,3.1333333333333333,1
HU,2019Q3,3.5,1
HU,2019Q4,4.333333333333333,1
HU,2020Q1,2.533333333333333,0
HU,2020Q2,3.766666666666667,1
HU,2020Q3,2.8666666666666667,1
HU,2020Q4,3.3666666666666667,1
HU,2021Q1,5.266666666666667,1
HU,2021Q2,5.033333333333334,1
HU,2021Q3,7.166666666666667,1
HU,2021Q4,8.299999999999999,1
HU,2022Q1,11.0,1
HU,2022Q2,18.0,1
HU,2022Q3,23.333333333333332,1
HU,2022Q4,25.866666666666664,1
HU,2023Q1,22.066666666666663,1
HU,2023Q2,14.633333333333333,1
HU,2023Q3,7.6000000000000005,1
HU,2023Q4,3.6333333333333333,1
HU,2024Q1,3.6999999999999997,1
HU,2024Q2,3.5,1
HU,2024Q3,4.033333333333333,1
IE,2011Q1,1.2666666666666666,0
IE,2011Q2,1.1333333333333333,0
IE,2011Q3,1.6333333333333335,0
IE,2011Q4,1.6333333333333335,0
IE,2012Q1,1.8,0
IE,2012Q2,2.3666666666666667,0
IE,2012Q3,1.7333333333333334,0
IE,2012Q4,1.0999999999999999,0
IE,2013Q1,0.5333333333333333,0
IE,2013Q2,0.3,0
IE,2013Q3,0.16666666666666666,0
IE,2013Q4,0.19999999999999998,0
IE,2014Q1,0.39999999999999997,0
IE,2014Q2,0.5,0
IE,2014Q3,0.10000000000000002,0
IE,2014Q4,-0.3333333333333333,0
IE,2015Q1,0.10000000000000002,0
IE,2015Q2,0.10000000000000002,0
IE,2015Q3,0.0,0
IE,2015Q4,-0.26666666666666666,0
IE,2016Q1,-0.10000000000000002,0
IE,2016Q2,-0.20000000000000004,0
IE,2016Q3,-0.26666666666666666,0
IE,2016Q4,0.36666666666666664,0
IE,2017Q1,0.033333333333333326,0
IE,2017Q2,0.13333333333333333,0
IE,2017Q3,0.5,0
IE,2017Q4,0.5,0
IE,2018Q1,0.4333333333333333,0
IE,2018Q2,1.0333333333333334,0
IE,2018Q3,0.9,0
IE,2018Q4,0.8666666666666667,0
IE,2019Q1,1.2666666666666666,0
IE,2019Q2,0.5666666666666667,0
IE,2019Q3,0.8333333333333334,0
IE,2019Q4,0.8333333333333334,0
IE,2020Q1,-0.5666666666666668,0
IE,2020Q2,-0.9666666666666668,0
IE,2020Q3,-1.1666666666666667,0
IE,2020Q4,-0.13333333333333333,0
IE,2021Q1,1.5333333333333334,0
IE,2021Q2,3.0,1
IE,2021Q3,5.3999999999999995,1
IE,2021Q4,5.866666666666666,1
IE,2022Q1,8.4,1
IE,2022Q2,9.066666666666666,1
IE,2022Q3,8.866666666666667,1
IE,2022Q4,7.533333333333334,1
IE,2023Q1,5.5,1
IE,2023Q2,4.833333333333333,1
IE,2023Q3,3.1,1
IE,2023Q4,2.2333333333333334,0
IE,2024Q1,1.7,0
IE,2024Q2,0.8666666666666667,0
IE,2024Q3,0.5333333333333333,0
IS,2011Q1,4.033333333333333,1
IS,2011Q2,5.266666666666667,1
IS,2011Q3,5.233333333333333,1
IS,2011Q4,6.8999999999999995,1
IS,2012Q1,6.7,1
IS,2012Q2,5.066666666666666,1
IS,2012Q3,5.3999999999999995,1
IS,2012Q4,5.6000000000000005,1
IS,2013Q1,3.5,1
IS,2013Q2,4.233333333333333,1
IS,2013Q3,3.3000000000000003,1
IS,2013Q4,1.0666666666666667,0
IS,2014Q1,1.2333333333333334,0
IS,2014Q2,1.6666666666666667,0
IS,2014Q3,0.0,0
IS,2014Q4,-0.3333333333333333,0
IS,2015Q1,0.0,0
IS,2015Q2,0.8333333333333334,0
IS,2015Q3,0.5333333333333333,0
IS,2015Q4,0.7666666666666667,0
IS,2016Q1,1.1666666666666667,0
IS,2016Q2,0.9666666666666668,0
IS,2016Q3,0.26666666666666666,0
IS,2016Q4,-0.7333333333333333,0
IS,2017Q1,-1.9666666666666666,0
IS,2017Q2,-2.4,0
IS,2017Q3,-1.4666666666666666,0
IS,2017Q4,-0.4666666666666666,0
IS,2018Q1,0.2333333333333333,0
IS,2018Q2,1.7333333333333334,0
IS,2018Q3,1.4666666666666666,0
IS,2018Q4,1.4666666666666666,0
IS,2019Q1,2.8333333333333335,1
IS,2019Q2,2.1,0
IS,2019Q3,1.6666666666666667,0
IS,2019Q4,1.4333333333333336,0
IS,2020Q1,0.36666666666666664,0
IS,2020Q2,0.7333333333333333,0
IS,2020Q3,2.1999999999999997,0
IT,2011Q1,2.966666666666667,1
IT,2011Q2,2.6999999999999997,1
IT,2011Q3,3.7000000000000006,1
IT,2011Q4,3.566666666666667,1
IT,2012Q1,3.6666666666666665,1
IT,2012Q2,3.466666666666667,1
IT,2012Q3,2.6666666666666665,0
IT,2012Q4,2.066666666666667,0
IT,2013Q1,1.2,0
IT,2013Q2,1.0666666666666667,0
IT,2013Q3,0.6333333333333333,0
IT,2013Q4,0.43333333333333335,0
IT,2014Q1,0.39999999999999997,0
IT,2014Q2,-0.06666666666666667,0
IT,2014Q3,0.16666666666666666,0
IT,2014Q4,-0.13333333333333333,0
IT,2015Q1,0.10000000000000002,0
IT,2015Q2,0.3,0
IT,2015Q3,0.16666666666666666,0
IT,2015Q4,0.0,0
IT,2016Q1,-0.3,0
IT,2016Q2,-0.06666666666666667,0
IT,2016Q3,0.16666666666666666,0
IT,2016Q4,1.3333333333333333,0
IT,2017Q1,1.5999999999999999,0
IT,2017Q2,1.3,0
IT,2017Q3,1.0666666666666667,0
IT,2017Q4,0.8666666666666667,0
IT,2018Q1,1.0,0
IT,2018Q2,1.6666666666666667,0
IT,2018Q3,1.5,0
IT,2018Q4,1.0333333333333334,0
IT,2019Q1,0.9333333333333335,0
IT,2019Q2,0.3333333333333333,0
IT,2019Q3,0.3,0
IT,2019Q4,0.23333333333333336,0
IT,2020Q1,-0.19999999999999998,0
IT,2020Q2,-0.2333333333333333,0
IT,2020Q3,-0.39999999999999997,0
IT,2020Q4,0.7666666666666667,0
IT,2021Q1,1.1666666666666667,0
IT,2021Q2,2.1333333333333333,0
IT,2021Q3,3.766666666666667,1
IT,2021Q4,6.033333333333334,1
IT,2022Q1,7.366666666666666,1
IT,2022Q2,8.966666666666667,1
IT,2022Q3,12.5,1
IT,2022Q4,9.533333333333333,1
IT,2023Q1,7.766666666666667,1
IT,2023Q2,5.8,1
IT,2023Q3,0.9666666666666667,0
IT,2023Q4,0.9666666666666667,0
IT,2024Q1,0.8666666666666667,0
IT,2024Q2,1.1666666666666667,0
IT,2024Q3,1.3,0
LT,2011Q1,4.733333333333333,1
LT,2011Q2,4.566666666666666,1
LT,2011Q3,4.033333333333334,1
LT,2011Q4,3.6,1
LT,2012Q1,2.8333333333333335,1
LT,2012Q2,3.1999999999999997,1
LT,2012Q3,2.966666666666667,1
LT,2012Q4,2.1999999999999997,0
LT,2013Q1,1.4000000000000001,0
LT,2013Q2,0.5333333333333333,0
LT,2013Q3,0.5333333333333333,0
LT,2013Q4,0.3,0
LT,2014Q1,0.2333333333333333,0
LT,2014Q2,0.26666666666666666,0
LT,2014Q3,0.19999999999999998,0
LT,2014Q4,-1.3333333333333333,0
LT,2015Q1,-0.26666666666666666,0
LT,2015Q2,-0.6666666666666666,0
LT,2015Q3,-0.36666666666666664,0
LT,2015Q4,0.6666666666666666,0
LT,2016Q1,0.46666666666666673,0
LT,2016Q2,0.36666666666666664,0
LT,2016Q3,1.2666666666666666,0
LT,2016Q4,2.966666666666667,1
LT,2017Q1,3.4,1
LT,2017Q2,4.433333333333333,1
LT,2017Q3,4.066666666666666,1
LT,2017Q4,3.1,1
LT,2018Q1,2.566666666666667,0
LT,2018Q2,2.1666666666666665,0
LT,2018Q3,2.3333333333333335,0
LT,2018Q4,2.066666666666667,0
LT,2019Q1,2.533333333333333,0
LT,2019Q2,2.3333333333333335,0
LT,2019Q3,1.9666666666666666,0
LT,2019Q4,2.5,0
LT,2020Q1,0.6666666666666666,0
LT,2020Q2,0.8999999999999999,0
LT,2020Q3,0.26666666666666666,0
LT,2020Q4,0.7333333333333333,0
LT,2021Q1,3.1333333333333333,1
LT,2021Q2,5.233333333333333,1
LT,2021Q3,9.4,1
LT,2021Q4,13.966666666666667,1
LT,2022Q1,18.533333333333335,1
LT,2022Q2,21.5,1
LT,2022Q3,21.166666666666668,1
LT,2022Q4,16.966666666666665,1
LT,2023Q1,10.733333333333333,1
LT,2023Q2,5.8999999999999995,1
LT,2023Q3,2.3333333333333335,0
LT,2023Q4,0.8666666666666667,0
LT,2024Q1,0.7666666666666667,0
LT,2024Q2,0.7666666666666667,0
LT,2024Q3,1.0333333333333334,0
LU,2011Q1,3.8666666666666667,1
LU,2011Q2,3.566666666666667,1
LU,2011Q3,3.733333333333333,1
LU,2011Q4,3.1333333333333333,1
LU,2012Q1,2.766666666666667,1
LU,2012Q2,2.9,1
LU,2012Q3,2.8000000000000003,1
LU,2012Q4,2.1666666666666665,0
LU,2013Q1,1.7,0
LU,2013Q2,1.7,0
LU,2013Q3,1.2,0
LU,2013Q4,1.0333333333333334,0
LU,2014Q1,1.1666666666666667,0
LU,2014Q2,0.7333333333333333,0
LU,2014Q3,-0.10000000000000002,0
LU,2014Q4,-0.4666666666666666,0
LU,2015Q1,0.3,0
LU,2015Q2,0.03333333333333333,0
LU,2015Q3,0.4000000000000001,0
LU,2015Q4,-0.13333333333333333,0
LU,2016Q1,-0.5333333333333333,0
LU,2016Q2,-0.10000000000000002,0
LU,2016Q3,0.9666666666666667,0
LU,2016Q4,2.566666666666667,0
LU,2017Q1,2.0,0
LU,2017Q2,2.033333333333333,0
LU,2017Q3,1.8666666666666665,0
LU,2017Q4,1.1666666666666667,0
LU,2018Q1,1.9333333333333333,0
LU,2018Q2,2.533333333333333,0
LU,2018Q3,2.433333333333333,0
LU,2018Q4,2.033333333333333,0
LU,2019Q1,1.9666666666666666,0
LU,2019Q2,1.3666666666666665,0
LU,2019Q3,1.2,0
LU,2019Q4,1.5333333333333334,0
LU,2020Q1,-0.9333333333333335,0
LU,2020Q2,-0.13333333333333333,0
LU,2020Q3,-0.4666666666666666,0
LU,2020Q4,1.0333333333333334,0
LU,2021Q1,3.566666666666667,1
LU,2021Q2,3.6,1
LU,2021Q3,5.666666666666667,1
LU,2021Q4,6.766666666666667,1
LU,2022Q1,9.466666666666667,1
LU,2022Q2,8.9,1
LU,2022Q3,7.433333333333334,1
LU,2022Q4,4.5,1
LU,2023Q1,1.9000000000000001,0
LU,2023Q2,2.966666666666667,1
LU,2023Q3,2.466666666666667,0
LU,2023Q4,3.1333333333333333,1
LU,2024Q1,3.0,1
LU,2024Q2,1.7333333333333334,0
LU,2024Q3,1.2,0
LV,2011Q1,4.6000000000000005,1
LV,2011Q2,4.433333333333334,1
LV,2011Q3,4.066666666666666,1
LV,2011Q4,3.3000000000000003,1
LV,2012Q1,2.4,0
LV,2012Q2,1.8999999999999997,0
LV,2012Q3,1.5666666666666667,0
LV,2012Q4,0.39999999999999997,0
LV,2013Q1,-0.13333333333333333,0
LV,2013Q2,0.0,0
LV,2013Q3,-0.2333333333333333,0
LV,2013Q4,0.43333333333333335,0
LV,2014Q1,0.8000000000000002,0
LV,2014Q2,0.8666666666666667,0
LV,2014Q3,0.6333333333333333,0
LV,2014Q4,0.06666666666666667,0
LV,2015Q1,0.8333333333333334,0
LV,2015Q2,-0.13333333333333333,0
LV,2015Q3,0.10000000000000002,0
LV,2015Q4,-0.5,0
LV,2016Q1,-0.7000000000000001,0
LV,2016Q2,0.16666666666666666,0
LV,2016Q3,1.4666666666666666,0
LV,2016Q4,3.1333333333333333,1
LV,2017Q1,3.033333333333333,1
LV,2017Q2,2.933333333333333,1
LV,2017Q3,2.5333333333333337,0
LV,2017Q4,2.033333333333333,0
LV,2018Q1,2.4,0
LV,2018Q2,2.933333333333333,1
LV,2018Q3,2.8666666666666667,1
LV,2018Q4,2.8000000000000003,1
LV,2019Q1,3.3000000000000003,1
LV,2019Q2,2.8000000000000003,1
LV,2019Q3,2.1,0
LV,2019Q4,1.9666666666666666,0
LV,2020Q1,-0.7000000000000001,0
LV,2020Q2,-0.26666666666666666,0
LV,2020Q3,-0.6333333333333333,0
LV,2020Q4,-0.13333333333333333,0
LV,2021Q1,2.3333333333333335,0
LV,2021Q2,3.6999999999999997,1
LV,2021Q3,7.1000000000000005,1
LV,2021Q4,9.266666666666667,1
LV,2022Q1,16.366666666666667,1
LV,2022Q2,21.566666666666666,1
LV,2022Q3,21.366666666666664,1
LV,2022Q4,19.566666666666666,1
LV,2023Q1,11.799999999999999,1
LV,2023Q2,5.266666666666667,1
LV,2023Q3,1.4333333333333333,0
LV,2023Q4,0.9,0
LV,2024Q1,0.8666666666666667,0
LV,2024Q2,1.1,0
LV,2024Q3,2.6,0
MT,2011Q1,2.6666666666666665,0
MT,2011Q2,2.566666666666667,0
MT,2011Q3,1.9000000000000001,0
MT,2011Q4,2.3000000000000003,0
MT,2012Q1,3.933333333333333,1
MT,2012Q2,3.433333333333333,1
MT,2012Q3,3.1666666666666665,1
MT,2012Q4,1.8666666666666665,0
MT,2013Q1,0.7666666666666667,0
MT,2013Q2,0.7333333333333333,0
MT,2013Q3,0.5666666666666667,0
MT,2013Q4,1.3333333333333333,0
MT,2014Q1,0.5333333333333333,0
MT,2014Q2,0.6666666666666666,0
MT,2014Q3,0.6,0
MT,2014Q4,0.6333333333333333,0
MT,2015Q1,1.2666666666666666,0
MT,2015Q2,1.4000000000000001,0
MT,2015Q3,1.4000000000000001,0
MT,2015Q4,0.9333333333333332,0
MT,2016Q1,0.9333333333333332,0
MT,2016Q2,0.9333333333333332,0
MT,2016Q3,0.7666666666666667,0
MT,2016Q4,1.2666666666666666,0
MT,2017Q1,1.0666666666666667,0
MT,2017Q2,1.2,0
MT,2017Q3,1.4333333333333333,0
MT,2017Q4,1.2666666666666666,0
MT,2018Q1,1.7,0
MT,2018Q2,2.3333333333333335,0
MT,2018Q3,1.5666666666666667,0
MT,2018Q4,1.2,0
MT,2019Q1,1.7333333333333334,0
MT,2019Q2,1.7666666666666666,0
MT,2019Q3,1.3333333333333333,0
MT,2019Q4,1.2333333333333334,0
MT,2020Q1,1.0,0
MT,2020Q2,0.6333333333333333,0
MT,2020Q3,0.3333333333333333,0
MT,2020Q4,0.13333333333333333,0
MT,2021Q1,0.16666666666666666,0
MT,2021Q2,0.4666666666666666,0
MT,2021Q3,2.1333333333333333,0
MT,2021Q4,4.266666666666667,1
MT,2022Q1,5.766666666666667,1
MT,2022Q2,7.066666666666666,1
MT,2022Q3,7.3,1
MT,2022Q4,6.966666666666666,1
MT,2023Q1,6.3,1
MT,2023Q2,5.166666666666667,1
MT,2023Q3,3.933333333333333,1
MT,2023Q4,3.1333333333333333,1
MT,2024Q1,2.3000000000000003,0
MT,2024Q2,2.2666666666666666,0
MT,2024Q3,2.1,0
NL,2011Q1,2.233333333333333,0
NL,2011Q2,3.1333333333333333,1
NL,2011Q3,2.6333333333333333,0
NL,2011Q4,2.9,1
NL,2012Q1,2.6,0
NL,2012Q2,2.566666666666667,0
NL,2012Q3,3.3000000000000003,1
NL,2012Q4,3.2000000000000006,1
NL,2013Q1,3.033333333333333,1
NL,2013Q2,2.766666666666667,1
NL,2013Q3,1.3,0
NL,2013Q4,0.43333333333333335,0
NL,2014Q1,0.3333333333333333,0
NL,2014Q2,0.3333333333333333,0
NL,2014Q3,0.19999999999999998,0
NL,2014Q4,-0.5,0
NL,2015Q1,0.39999999999999997,0
NL,2015Q2,0.5,0
NL,2015Q3,0.43333333333333335,0
NL,2015Q4,0.3333333333333333,0
NL,2016Q1,-0.20000000000000004,0
NL,2016Q2,-0.19999999999999998,0
NL,2016Q3,0.4666666666666666,0
NL,2016Q4,1.3,0
NL,2017Q1,1.0333333333333332,0
NL,2017Q2,1.4666666666666666,0
NL,2017Q3,1.3333333333333333,0
NL,2017Q4,1.2666666666666666,0
NL,2018Q1,1.5333333333333334,0
NL,2018Q2,1.8,0
NL,2018Q3,1.8333333333333333,0
NL,2018Q4,2.5,0
NL,2019Q1,2.6666666666666665,0
NL,2019Q2,2.8000000000000003,1
NL,2019Q3,2.733333333333333,1
NL,2019Q4,1.3666666666666665,0
NL,2020Q1,1.2666666666666666,0
NL,2020Q2,0.9666666666666668,0
NL,2020Q3,0.9333333333333332,0
NL,2020Q4,1.8,0
NL,2021Q1,1.8,0
NL,2021Q2,2.3666666666666667,0
NL,2021Q3,5.333333333333333,1
NL,2021Q4,8.866666666666665,1
NL,2022Q1,10.433333333333332,1
NL,2022Q2,14.133333333333333,1
NL,2022Q3,13.033333333333333,1
NL,2022Q4,7.266666666666667,1
NL,2023Q1,6.333333333333333,1
NL,2023Q2,2.8000000000000003,1
NL,2023Q3,0.4666666666666666,0
NL,2023Q4,2.966666666666667,1
NL,2024Q1,2.9,1
NL,2024Q2,3.3666666666666667,1
NL,2024Q3,3.6666666666666665,1
NO,2011Q1,1.4333333333333333,0
NO,2011Q2,1.4666666666666666,0
NO,2011Q3,0.8333333333333334,0
NO,2011Q4,0.5333333333333333,0
NO,2012Q1,0.03333333333333333,0
NO,2012Q2,-0.03333333333333333,0
NO,2012Q3,0.8666666666666666,0
NO,2012Q4,1.0,0
NO,2013Q1,1.8,0
NO,2013Q2,2.966666666666667,1
NO,2013Q3,2.1333333333333333,0
NO,2013Q4,1.9666666666666666,0
NO,2014Q1,1.7,0
NO,2014Q2,2.033333333333333,0
NO,2014Q3,1.9666666666666666,0
NO,2014Q4,1.7666666666666666,0
NO,2015Q1,2.066666666666667,0
NO,2015Q2,1.7,0
NO,2015Q3,2.5,0
NO,2015Q4,3.3333333333333335,1
NO,2016Q1,3.766666666666667,1
NO,2016Q2,4.533333333333333,1
NO,2016Q3,3.933333333333333,1
NO,2016Q4,2.6999999999999997,1
NO,2017Q1,2.1333333333333333,0
NO,2017Q2,1.4333333333333333,0
NO,2017Q3,1.1666666666666667,0
NO,2017Q4,2.033333333333333,0
NO,2018Q1,2.533333333333333,0
NO,2018Q2,3.733333333333333,1
NO,2018Q3,3.766666666666667,1
NO,2018Q4,3.4,1
NO,2019Q1,2.6999999999999997,1
NO,2019Q2,1.5999999999999999,0
NO,2019Q3,1.4666666666666666,0
NO,2019Q4,0.9666666666666667,0
NO,2020Q1,1.0,0
NO,2020Q2,1.4666666666666666,0
NO,2020Q3,1.1666666666666667,0
NO,2020Q4,3.233333333333333,1
NO,2021Q1,3.0,1
NO,2021Q2,3.9666666666666663,1
NO,2021Q3,5.3,1
NO,2021Q4,3.766666666666667,1
NO,2022Q1,6.366666666666666,1
NO,2022Q2,7.366666666666666,1
NO,2022Q3,7.333333333333333,1
NO,2022Q4,7.5,1
NO,2023Q1,6.966666666666666,1
NO,2023Q2,4.433333333333334,1
NO,2023Q3,4.3,1
NO,2023Q4,4.2,1
NO,2024Q1,2.8000000000000003,1
NO,2024Q2,2.466666666666667,0
NO,2024Q3,1.9333333333333333,0
PL,2011Q1,4.033333333333333,1
PL,2011Q2,3.6666666666666665,1
PL,2011Q3,4.266666666666667,1
PL,2011Q4,4.133333333333333,1
PL,2012Q1,3.966666666666667,1
PL,2012Q2,3.9666666666666663,1
PL,2012Q3,2.733333333333333,1
PL,2012Q4,1.2666666666666666,0
PL,2013Q1,0.5333333333333333,0
PL,2013Q2,0.8666666666666667,0
PL,2013Q3,0.6,0
PL,2013Q4,0.6333333333333333,0
PL,2014Q1,0.3,0
PL,2014Q2,-0.16666666666666666,0
PL,2014Q3,-0.4333333333333333,0
PL,2014Q4,-1.2,0
PL,2015Q1,-0.6333333333333333,0
PL,2015Q2,-0.4666666666666666,0
PL,2015Q3,-0.5,0
PL,2015Q4,-0.3,0
PL,2016Q1,-0.43333333333333335,0
PL,2016Q2,-0.43333333333333335,0
PL,2016Q3,0.4000000000000001,0
PL,2016Q4,1.7,0
PL,2017Q1,1.5333333333333334,0
PL,2017Q2,1.4666666666666666,0
PL,2017Q3,1.7666666666666666,0
PL,2017Q4,1.0,0
PL,2018Q1,1.1666666666666667,0
PL,2018Q2,1.4333333333333333,0
PL,2018Q3,1.1666666666666667,0
PL,2018Q4,1.2,0
PL,2019Q1,2.1999999999999997,0
PL,2019Q2,2.5,0
PL,2019Q3,2.566666666666667,0
PL,2019Q4,3.933333333333333,1
PL,2020Q1,3.3666666666666667,1
PL,2020Q2,3.733333333333333,1
PL,2020Q3,3.6333333333333333,1
PL,2020Q4,3.866666666666667,1
PL,2021Q1,4.6,1
PL,2021Q2,5.1000000000000005,1
PL,2021Q3,7.266666666666667,1
PL,2021Q4,9.0,1
PL,2022Q1,12.799999999999999,1
PL,2022Q2,14.9,1
PL,2022Q3,15.933333333333332,1
PL,2022Q4,16.099999999999998,1
PL,2023Q1,12.5,1
PL,2023Q2,9.166666666666666,1
PL,2023Q3,6.266666666666667,1
PL,2023Q4,3.6333333333333333,1
PL,2024Q1,2.9,1
PL,2024Q2,4.066666666666666,1
PL,2024Q3,4.0,1
PT,2011Q1,3.6666666666666665,1
PT,2011Q2,3.1,1
PT,2011Q3,3.766666666666667,1
PT,2011Q4,3.3000000000000003,1
PT,2012Q1,2.766666666666667,1
PT,2012Q2,2.933333333333333,1
PT,2012Q3,2.033333333333333,0
PT,2012Q4,0.43333333333333335,0
PT,2013Q1,0.8333333333333334,0
PT,2013Q2,0.43333333333333335,0
PT,2013Q3,0.10000000000000002,0
PT,2013Q4,-0.13333333333333333,0
PT,2014Q1,-0.19999999999999998,0
PT,2014Q2,-0.26666666666666666,0
PT,2014Q3,-0.033333333333333326,0
PT,2014Q4,-0.033333333333333326,0
PT,2015Q1,0.7666666666666667,0
PT,2015Q2,0.7666666666666667,0
PT,2015Q3,0.5333333333333333,0
PT,2015Q4,0.4666666666666666,0
PT,2016Q1,0.5333333333333333,0
PT,2016Q2,0.7333333333333333,0
PT,2016Q3,0.8333333333333334,0
PT,2016Q4,1.4333333333333333,0
PT,2017Q1,1.7,0
PT,2017Q2,1.3,0
PT,2017Q3,1.7666666666666666,0
PT,2017Q4,0.8666666666666667,0
PT,2018Q1,1.2333333333333334,0
PT,2018Q2,1.7666666666666668,0
PT,2018Q3,0.7666666666666667,0
PT,2018Q4,0.7666666666666667,0
PT,2019Q1,0.6333333333333333,0
PT,2019Q2,-0.36666666666666664,0
PT,2019Q3,0.16666666666666666,0
PT,2019Q4,0.46666666666666673,0
PT,2020Q1,-0.16666666666666666,0
PT,2020Q2,-0.36666666666666664,0
PT,2020Q3,-0.43333333333333335,0
PT,2020Q4,0.19999999999999998,0
PT,2021Q1,-0.06666666666666665,0
PT,2021Q2,1.2333333333333334,0
PT,2021Q3,2.4,0
PT,2021Q4,4.433333333333334,1
PT,2022Q1,8.166666666666666,1
PT,2022Q2,9.5,1
PT,2022Q3,10.200000000000001,1
PT,2022Q4,8.4,1
PT,2023Q1,5.666666666666667,1
PT,2023Q2,4.8,1
PT,2023Q3,2.433333333333333,0
PT,2023Q4,2.466666666666667,0
PT,2024Q1,3.066666666666667,1
PT,2024Q2,2.3666666666666667,0
PT,2024Q3,2.8000000000000003,1
RO,2011Q1,8.299999999999999,1
RO,2011Q2,4.233333333333333,1
RO,2011Q3,3.433333333333333,1
RO,2011Q4,2.6666666666666665,0
RO,2012Q1,2.033333333333333,0
RO,2012Q2,4.166666666666667,1
RO,2012Q3,4.666666666666667,1
RO,2012Q4,4.8,1
RO,2013Q1,4.433333333333334,1
RO,2013Q2,2.3666666666666667,0
RO,2013Q3,1.2666666666666666,0
RO,2013Q4,1.2666666666666666,0
RO,2014Q1,1.2666666666666668,0
RO,2014Q2,1.5333333333333334,0
RO,2014Q3,1.4333333333333333,0
RO,2014Q4,0.5666666666666668,0
RO,2015Q1,0.3333333333333333,0
RO,2015Q2,-1.5333333333333334,0
RO,2015Q3,-1.0,0
RO,2015Q4,-2.0,0
RO,2016Q1,-2.1,0
RO,2016Q2,-0.03333333333333333,0
RO,2016Q3,-0.06666666666666667,0
RO,2016Q4,0.4000000000000001,0
RO,2017Q1,0.6,0
RO,2017Q2,0.9333333333333332,0
RO,2017Q3,2.4,0
RO,2017Q4,3.733333333333333,1
RO,2018Q1,4.533333333333333,1
RO,2018Q2,4.566666666666666,1
RO,2018Q3,3.466666666666667,1
RO,2018Q4,3.8000000000000003,1
RO,2019Q1,4.233333333333333,1
RO,2019Q2,3.9,1
RO,2019Q3,3.6666666666666665,1
RO,2019Q4,3.1666666666666665,1
RO,2020Q1,2.1,0
RO,2020Q2,2.3666666666666667,0
RO,2020Q3,1.7666666666666666,0
RO,2020Q4,2.3333333333333335,0
RO,2021Q1,3.1333333333333333,1
RO,2021Q2,4.333333333333333,1
RO,2021Q3,6.633333333333334,1
RO,2021Q4,8.233333333333333,1
RO,2022Q1,12.366666666666667,1
RO,2022Q2,13.233333333333333,1
RO,2022Q3,14.066666666666668,1
RO,2022Q4,13.0,1
RO,2023Q1,9.766666666666667,1
RO,2023Q2,9.133333333333333,1
RO,2023Q3,7.400000000000001,1
RO,2023Q4,7.033333333333334,1
RO,2024Q1,5.766666666666667,1
RO,2024Q2,5.3,1
RO,2024Q3,5.3,1
RS,2014Q1,2.1,0
RS,2014Q2,2.3000000000000003,0
RS,2014Q3,2.1,0
RS,2014Q4,0.9333333333333335,0
RS,2015Q1,1.5999999999999999,0
RS,2015Q2,1.6666666666666667,0
RS,2015Q3,1.7,0
RS,2015Q4,1.9000000000000001,0
RS,2016Q1,0.7000000000000001,0
RS,2016Q2,1.0999999999999999,0
RS,2016Q3,1.6666666666666667,0
RS,2016Q4,3.233333333333333,1
RS,2017Q1,4.0,1
RS,2017Q2,3.1,1
RS,2017Q3,2.8666666666666667,1
RS,2017Q4,1.6666666666666667,0
RS,2018Q1,1.9000000000000001,0
RS,2018Q2,2.3666666666666667,0
RS,2018Q3,2.0666666666666664,0
RS,2018Q4,2.3000000000000003,0
RS,2019Q1,2.1,0
RS,2019Q2,1.5333333333333334,0
RS,2019Q3,1.6666666666666667,0
RS,2019Q4,2.1,0
RS,2020Q1,1.3666666666666665,0
RS,2020Q2,1.9666666666666666,0
RS,2020Q3,1.5999999999999999,0
RS,2020Q4,1.3666666666666665,0
RS,2021Q1,3.1,1
RS,2021Q2,4.3,1
RS,2021Q3,7.3,1
RS,2021Q4,8.766666666666667,1
RS,2022Q1,10.4,1
RS,2022Q2,12.966666666666667,1
RS,2022Q3,14.566666666666668,1
RS,2022Q4,15.366666666666667,1
RS,2023Q1,14.266666666666667,1
RS,2023Q2,11.333333333333334,1
RS,2023Q3,7.933333333333334,1
RS,2023Q4,5.766666666666667,1
RS,2024Q1,4.466666666666667,1
RS,2024Q2,4.333333333333333,1
RS,2024Q3,4.5,1
SE,2011Q1,1.6666666666666667,0
SE,2011Q2,1.5666666666666667,0
SE,2011Q3,0.8666666666666667,0
SE,2011Q4,0.9666666666666668,0
SE,2012Q1,0.9333333333333332,0
SE,2012Q2,0.8666666666666667,0
SE,2012Q3,1.0,0
SE,2012Q4,0.5333333333333333,0
SE,2013Q1,0.26666666666666666,0
SE,2013Q2,0.7000000000000001,0
SE,2013Q3,0.3,0
SE,2013Q4,0.0,0
SE,2014Q1,0.3333333333333333,0
SE,2014Q2,0.20000000000000004,0
SE,2014Q3,0.3,0
SE,2014Q4,0.6,0
SE,2015Q1,0.6,0
SE,2015Q2,0.7666666666666667,0
SE,2015Q3,0.7999999999999999,0
SE,2015Q4,1.0999999999999999,0
SE,2016Q1,1.0,0
SE,2016Q2,1.0333333333333334,0
SE,2016Q3,1.3666666666666665,0
SE,2016Q4,1.5999999999999999,0
SE,2017Q1,1.8666666666666665,0
SE,2017Q2,2.2333333333333334,0
SE,2017Q3,1.7666666666666666,0
SE,2017Q4,1.7333333333333334,0
SE,2018Q1,1.9666666666666666,0
SE,2018Q2,2.266666666666667,0
SE,2018Q3,2.2333333333333334,0
SE,2018Q4,1.9000000000000001,0
SE,2019Q1,1.9333333333333336,0
SE,2019Q2,1.3666666666666665,0
SE,2019Q3,1.7,0
SE,2019Q4,1.2,0
SE,2020Q1,0.26666666666666666,0
SE,2020Q2,0.7666666666666667,0
SE,2020Q3,0.39999999999999997,0
SE,2020Q4,1.9333333333333333,0
SE,2021Q1,2.3333333333333335,0
SE,2021Q2,2.433333333333333,0
SE,2021Q3,3.9,1
SE,2021Q4,4.866666666666666,1
SE,2022Q1,7.666666666666667,1
SE,2022Q2,9.366666666666667,1
SE,2022Q3,10.233333333333333,1
SE,2022Q4,9.133333333333333,1
SE,2023Q1,6.8999999999999995,1
SE,2023Q2,4.833333333333333,1
SE,2023Q3,3.066666666666667,1
SE,2023Q4,2.766666666666667,1
SE,2024Q1,2.1,0
SE,2024Q2,1.4000000000000001,0
SE,2024Q3,1.7333333333333334,0
SI,2011Q1,2.0,0
SI,2011Q2,1.5333333333333334,0
SI,2011Q3,2.6,0
SI,2011Q4,2.5,0
SI,2012Q1,2.566666666666667,0
SI,2012Q2,3.1333333333333333,1
SI,2012Q3,3.033333333333333,1
SI,2012Q4,2.6333333333333333,0
SI,2013Q1,1.8,0
SI,2013Q2,2.1999999999999997,0
SI,2013Q3,1.0999999999999999,0
SI,2013Q4,0.5666666666666667,0
SI,2014Q1,0.8333333333333334,0
SI,2014Q2,0.06666666666666667,0
SI,2014Q3,-0.03333333333333333,0
SI,2014Q4,-0.5333333333333333,0
SI,2015Q1,-0.8666666666666667,0
SI,2015Q2,-0.7666666666666667,0
SI,2015Q3,-0.8666666666666667,0
SI,2015Q4,-0.8666666666666667,0
SI,2016Q1,-0.39999999999999997,0
SI,2016Q2,-0.03333333333333333,0
SI,2016Q3,0.6666666666666666,0
SI,2016Q4,2.0,0
SI,2017Q1,1.3666666666666665,0
SI,2017Q2,1.3333333333333333,0
SI,2017Q3,1.5333333333333334,0
SI,2017Q4,1.5333333333333334,0
SI,2018Q1,2.1333333333333333,0
SI,2018Q2,2.1,0
SI,2018Q3,1.9333333333333333,0
SI,2018Q4,1.3666666666666665,0
SI,2019Q1,1.7666666666666666,0
SI,2019Q2,2.033333333333333,0
SI,2019Q3,1.6333333333333335,0
SI,2019Q4,1.6666666666666667,0
SI,2020Q1,-1.1666666666666667,0
SI,2020Q2,-0.5666666666666667,0
SI,2020Q3,-0.9333333333333332,0
SI,2020Q4,-0.6333333333333333,0
SI,2021Q1,2.0333333333333337,0
SI,2021Q2,2.266666666666667,0
SI,2021Q3,4.5,1
SI,2021Q4,6.333333333333333,1
SI,2022Q1,8.966666666666667,1
SI,2022Q2,11.266666666666667,1
SI,2022Q3,10.633333333333335,1
SI,2022Q4,9.9,1
SI,2023Q1,7.966666666666666,1
SI,2023Q2,6.3,1
SI,2023Q3,4.966666666666666,1
SI,2023Q4,3.4,1
SI,2024Q1,2.3666666666666667,0
SI,2024Q2,1.0666666666666667,0
SI,2024Q3,1.2,0
SK,2011Q1,4.066666666666666,1
SK,2011Q2,4.1000000000000005,1
SK,2011Q3,4.666666666666667,1
SK,2011Q4,3.966666666666667,1
SK,2012Q1,3.6,1
SK,2012Q2,3.7999999999999994,1
SK,2012Q3,3.6,1
SK,2012Q4,2.233333333333333,0
SK,2013Q1,1.7333333333333334,0
SK,2013Q2,1.3666666666666665,0
SK,2013Q3,0.5333333333333333,0
SK,2013Q4,-0.10000000000000002,0
SK,2014Q1,-0.10000000000000002,0
SK,2014Q2,-0.13333333333333333,0
SK,2014Q3,-0.03333333333333333,0
SK,2014Q4,-0.5,0
SK,2015Q1,-0.10000000000000002,0
SK,2015Q2,-0.3,0
SK,2015Q3,-0.4666666666666666,0
SK,2015Q4,-0.4666666666666666,0
SK,2016Q1,-0.6,0
SK,2016Q2,-0.7333333333333333,0
SK,2016Q3,-0.09999999999999999,0
SK,2016Q4,1.0,0
SK,2017Q1,0.9666666666666668,0
SK,2017Q2,1.6333333333333335,0
SK,2017Q3,1.9666666666666666,0
SK,2017Q4,2.433333333333333,0
SK,2018Q1,2.8666666666666667,1
SK,2018Q2,2.733333333333333,1
SK,2018Q3,2.1333333333333333,0
SK,2018Q4,2.4,0
SK,2019Q1,2.6,0
SK,2019Q2,3.0,1
SK,2019Q3,3.1,1
SK,2019Q4,2.9,1
SK,2020Q1,2.0,0
SK,2020Q2,1.5333333333333334,0
SK,2020Q3,1.6000000000000003,0
SK,2020Q4,1.0333333333333334,0
SK,2021Q1,2.066666666666667,0
SK,2021Q2,3.4,1
SK,2021Q3,4.766666666666667,1
SK,2021Q4,8.533333333333333,1
SK,2022Q1,11.766666666666667,1
SK,2022Q2,13.266666666666667,1
SK,2022Q3,14.866666666666667,1
SK,2022Q4,15.1,1
SK,2023Q1,12.533333333333333,1
SK,2023Q2,9.633333333333333,1
SK,2023Q3,7.1000000000000005,1
SK,2023Q4,3.6333333333333333,1
SK,2024Q1,2.466666666666667,0
SK,2024Q2,3.033333333333333,1
SK,2024Q3,3.433333333333333,1
UK,2011Q1,4.3999999999999995,1
UK,2011Q2,4.7,1
UK,2011Q3,4.666666666666667,1
UK,2011Q4,3.5,1
UK,2012Q1,2.733333333333333,1
UK,2012Q2,2.433333333333333,0
UK,2012Q3,2.7000000000000006,1
UK,2012Q4,2.766666666666667,1
UK,2013Q1,2.6666666666666665,0
UK,2013Q2,2.733333333333333,1
UK,2013Q3,2.1,0
UK,2013Q4,1.7333333333333334,0
UK,2014Q1,1.7333333333333334,0
UK,2014Q2,1.4333333333333333,0
UK,2014Q3,0.9333333333333332,0
UK,2014Q4,0.09999999999999999,0
UK,2015Q1,0.0,0
UK,2015Q2,0.0,0
UK,2015Q3,0.06666666666666667,0
UK,2015Q4,0.36666666666666664,0
UK,2016Q1,0.36666666666666664,0
UK,2016Q2,0.7333333333333333,0
UK,2016Q3,1.2333333333333334,0
UK,2016Q4,2.1333333333333333,0
UK,2017Q1,2.733333333333333,1
UK,2017Q2,2.8333333333333335,1
UK,2017Q3,3.033333333333333,1
UK,2017Q4,2.733333333333333,1
UK,2018Q1,2.4,0
UK,2018Q2,2.533333333333333,0
UK,2018Q3,2.2666666666666666,0
